,,,,,,,,,,,,,,,,,,,,,,,,,,,,,,,,,,,,,,,,,,,,,,,,,,,,,,,,,,,,,,,,,,,,,,,,,,,,,,,,,,,,,,,,,,,,,,,,,,,,,,,,,,,,,,,,,,,,,,,,,,,,,,,,,,,,,,,,,,,,,,,,,,,,,,,,,,,,,,,,,,,,,,,,,,,,,,,,,,,,,,,,,,,,
Theme: Economy,,,,,,,,,,,,,,,,,,,,,,,,,,,,,,,,,,,,,,,,,,,,,,,,,,,,,,,,,,,,,,,,,,,,,,,,,,,,,,,,,,,,,,,,,,,,,,,,,,,,,,,,,,,,,,,,,,,,,,,,,,,,,,,,,,,,,,,,,,,,,,,,,,,,,,,,,,,,,,,,,,,,,,,,,,,,,,,,,,,,,,,,,,,,
Subject: National Accounts,,,,,,,,,,,,,,,,,,,,,,,,,,,,,,,,,,,,,,,,,,,,,,,,,,,,,,,,,,,,,,,,,,,,,,,,,,,,,,,,,,,,,,,,,,,,,,,,,,,,,,,,,,,,,,,,,,,,,,,,,,,,,,,,,,,,,,,,,,,,,,,,,,,,,,,,,,,,,,,,,,,,,,,,,,,,,,,,,,,,,,,,,,,,
Topic: Gross Domestic Product (GDP),,,,,,,,,,,,,,,,,,,,,,,,,,,,,,,,,,,,,,,,,,,,,,,,,,,,,,,,,,,,,,,,,,,,,,,,,,,,,,,,,,,,,,,,,,,,,,,,,,,,,,,,,,,,,,,,,,,,,,,,,,,,,,,,,,,,,,,,,,,,,,,,,,,,,,,,,,,,,,,,,,,,,,,,,,,,,,,,,,,,,,,,,,,,
"Table Title: Gross Domestic Product In Chained (2015) Dollars, By Industry (SSIC 2020), Quarterly, Seasonally Adjusted",,,,,,,,,,,,,,,,,,,,,,,,,,,,,,,,,,,,,,,,,,,,,,,,,,,,,,,,,,,,,,,,,,,,,,,,,,,,,,,,,,,,,,,,,,,,,,,,,,,,,,,,,,,,,,,,,,,,,,,,,,,,,,,,,,,,,,,,,,,,,,,,,,,,,,,,,,,,,,,,,,,,,,,,,,,,,,,,,,,,,,,,,,,,
,,,,,,,,,,,,,,,,,,,,,,,,,,,,,,,,,,,,,,,,,,,,,,,,,,,,,,,,,,,,,,,,,,,,,,,,,,,,,,,,,,,,,,,,,,,,,,,,,,,,,,,,,,,,,,,,,,,,,,,,,,,,,,,,,,,,,,,,,,,,,,,,,,,,,,,,,,,,,,,,,,,,,,,,,,,,,,,,,,,,,,,,,,,,
Data last updated: 17/02/2022,,,,,,,,,,,,,,,,,,,,,,,,,,,,,,,,,,,,,,,,,,,,,,,,,,,,,,,,,,,,,,,,,,,,,,,,,,,,,,,,,,,,,,,,,,,,,,,,,,,,,,,,,,,,,,,,,,,,,,,,,,,,,,,,,,,,,,,,,,,,,,,,,,,,,,,,,,,,,,,,,,,,,,,,,,,,,,,,,,,,,,,,,,,,
Source: SINGAPORE DEPARTMENT OF STATISTICS,,,,,,,,,,,,,,,,,,,,,,,,,,,,,,,,,,,,,,,,,,,,,,,,,,,,,,,,,,,,,,,,,,,,,,,,,,,,,,,,,,,,,,,,,,,,,,,,,,,,,,,,,,,,,,,,,,,,,,,,,,,,,,,,,,,,,,,,,,,,,,,,,,,,,,,,,,,,,,,,,,,,,,,,,,,,,,,,,,,,,,,,,,,,
,,,,,,,,,,,,,,,,,,,,,,,,,,,,,,,,,,,,,,,,,,,,,,,,,,,,,,,,,,,,,,,,,,,,,,,,,,,,,,,,,,,,,,,,,,,,,,,,,,,,,,,,,,,,,,,,,,,,,,,,,,,,,,,,,,,,,,,,,,,,,,,,,,,,,,,,,,,,,,,,,,,,,,,,,,,,,,,,,,,,,,,,,,,,
,,,,,,,,,,,,,,,,,,,,,,,,,,,,,,,,,,,,,,,,,,,,,,,,,,,,,,,,,,,,,,,,,,,,,,,,,,,,,,,,,,,,,,,,,,,,,,,,,,,,,,,,,,,,,,,,,,,,,,,,,,,,,,,,,,,,,,,,,,,,,,,,,,,,,,,,,,,,,,,,,,,,,,,,,,,,,,,,,,,,,,,,,,,,Million Dollars
Data Series,2021 4Q ,2021 3Q ,2021 2Q ,2021 1Q ,2020 4Q ,2020 3Q ,2020 2Q ,2020 1Q ,2019 4Q ,2019 3Q ,2019 2Q ,2019 1Q ,2018 4Q ,2018 3Q ,2018 2Q ,2018 1Q ,2017 4Q ,2017 3Q ,2017 2Q ,2017 1Q ,2016 4Q ,2016 3Q ,2016 2Q ,2016 1Q ,2015 4Q ,2015 3Q ,2015 2Q ,2015 1Q ,2014 4Q ,2014 3Q ,2014 2Q ,2014 1Q ,2013 4Q ,2013 3Q ,2013 2Q ,2013 1Q ,2012 4Q ,2012 3Q ,2012 2Q ,2012 1Q ,2011 4Q ,2011 3Q ,2011 2Q ,2011 1Q ,2010 4Q ,2010 3Q ,2010 2Q ,2010 1Q ,2009 4Q ,2009 3Q ,2009 2Q ,2009 1Q ,2008 4Q ,2008 3Q ,2008 2Q ,2008 1Q ,2007 4Q ,2007 3Q ,2007 2Q ,2007 1Q ,2006 4Q ,2006 3Q ,2006 2Q ,2006 1Q ,2005 4Q ,2005 3Q ,2005 2Q ,2005 1Q ,2004 4Q ,2004 3Q ,2004 2Q ,2004 1Q ,2003 4Q ,2003 3Q ,2003 2Q ,2003 1Q ,2002 4Q ,2002 3Q ,2002 2Q ,2002 1Q ,2001 4Q ,2001 3Q ,2001 2Q ,2001 1Q ,2000 4Q ,2000 3Q ,2000 2Q ,2000 1Q ,1999 4Q ,1999 3Q ,1999 2Q ,1999 1Q ,1998 4Q ,1998 3Q ,1998 2Q ,1998 1Q ,1997 4Q ,1997 3Q ,1997 2Q ,1997 1Q ,1996 4Q ,1996 3Q ,1996 2Q ,1996 1Q ,1995 4Q ,1995 3Q ,1995 2Q ,1995 1Q ,1994 4Q ,1994 3Q ,1994 2Q ,1994 1Q ,1993 4Q ,1993 3Q ,1993 2Q ,1993 1Q ,1992 4Q ,1992 3Q ,1992 2Q ,1992 1Q ,1991 4Q ,1991 3Q ,1991 2Q ,1991 1Q ,1990 4Q ,1990 3Q ,1990 2Q ,1990 1Q ,1989 4Q ,1989 3Q ,1989 2Q ,1989 1Q ,1988 4Q ,1988 3Q ,1988 2Q ,1988 1Q ,1987 4Q ,1987 3Q ,1987 2Q ,1987 1Q ,1986 4Q ,1986 3Q ,1986 2Q ,1986 1Q ,1985 4Q ,1985 3Q ,1985 2Q ,1985 1Q ,1984 4Q ,1984 3Q ,1984 2Q ,1984 1Q ,1983 4Q ,1983 3Q ,1983 2Q ,1983 1Q ,1982 4Q ,1982 3Q ,1982 2Q ,1982 1Q ,1981 4Q ,1981 3Q ,1981 2Q ,1981 1Q ,1980 4Q ,1980 3Q ,1980 2Q ,1980 1Q ,1979 4Q ,1979 3Q ,1979 2Q ,1979 1Q ,1978 4Q ,1978 3Q ,1978 2Q ,1978 1Q ,1977 4Q ,1977 3Q ,1977 2Q ,1977 1Q ,1976 4Q ,1976 3Q ,1976 2Q ,1976 1Q ,1975 4Q ,1975 3Q ,1975 2Q ,1975 1Q 
GDP In Chained (2015) Dollars,126836,123989.5,122163.7,123152.1,119592.3,115240.6,105503.7,120778.3,120839.4,120592.5,120089.9,119521.2,119022.9,119702,118949.7,118161,117251.1,115913.4,113089.9,112689.8,111945.5,109957.9,108861,107695.8,106787.8,106809.9,105493.1,104217.8,104657.1,103095.2,102161.8,101098.9,100380.5,99453.8,98773,96792.9,95919,93478.1,94392.9,93551.8,91872.1,91293.3,88981.2,89200.1,87553,84282.5,86693.4,81783,77291.7,76172.4,73327.8,70353.2,72248.2,73948.4,74425.3,76342.4,74448.5,74131,72209.6,70566.9,69557.6,66961,65714.2,64987.4,63863.9,61871.1,60391.4,58907.9,58475.2,57157,56744,55875.5,54270.4,52758.6,49921.5,50602,49966.3,50040.6,50000,48589.8,47181.2,46878.8,47929.5,49193.9,49548.7,49242.2,47666.1,46764,45276.7,44901.5,44059.2,42973.1,42225.7,41485.7,41830.6,42144.3,43258.7,43615.3,42937.1,41566.8,40335,39284,39280.3,39337.5,38043.3,37676.2,36239.2,35181.3,35324.4,34809.2,33772.9,33391.2,32391.3,31160.6,30626.7,29362.8,28725.1,27973.8,27242.4,26919.1,26456.1,26244.2,25819.2,25457.6,24863.6,24472.5,24200.6,23950,23001.2,22488.5,22231.9,21030.4,21002.3,20467.2,19936,19161.1,18947.9,18413.2,17794.4,17245.9,16833.6,16413,16156,15949.6,15797.1,15967.7,16148.5,16603.2,16413.1,16354.8,16163.5,15973.6,15484.2,15031.8,14726.4,14418.3,14052,13848,13643.5,13429.9,13259.3,13001.6,12723.4,12337.7,11983,11686.6,11432.5,11205.9,11026.3,10575.1,10384.7,10053.3,10028.3,9762.4,9396.3,9177,9103.7,8953.8,8863.5,8683.5,8496.3,8408.2,8247.1,8169.7,7948.1,7836.6,7681.5,7546
  Goods Producing Industries,35125.9,33573.6,32900.2,32976.1,30889.5,30016.3,26776.1,31032.3,29446.5,29697.4,29760.8,29379,30270.9,29936.2,29882.4,29519.1,29151.9,29145.3,27509.4,27423.2,27691.3,25795.2,26360.7,26016.5,25687.2,25677.9,25858.3,25751.8,26456.8,26489.2,26216.3,26427.4,26353.4,25774.3,25525.4,23999.3,24962.8,24572.5,25334.3,25021.3,24798.9,24250.7,24141.9,24612.8,22961.9,22248.5,25101.4,21416.1,19243,19673.8,18466.6,16531.6,17879.2,17986.3,17976.7,19835.8,18685.4,19208,18365.3,17870.2,18257.4,17234.9,16930.6,16699.6,16695.7,15734.1,15175.5,14377.7,14755.2,14177.5,14395.5,13984,13317.2,13090,12358.8,12856.2,12393.6,12822.7,13220.7,12435.4,11716.9,11655.4,12196,13046.2,14009.9,13701.4,12967.3,12606.1,12120.4,12188.6,11849.1,11856.2,11226.6,11068.4,11310.1,11316.3,11659,11495.6,11098,10496.8,10615.4,10270.7,10512.9,10724.6,10361.2,10237.9,9670.4,9251.8,9305.9,9204.1,8937.6,8686,8203.7,8003.5,7849.1,7557.4,7541.1,7238.1,7083.7,7077.8,7015.6,6925.1,6794.2,6861.2,6642.5,6481.7,6359.2,6248.6,6135.1,5978.7,5840.9,5656.5,5610.6,5569.2,5444,5237.9,5142.6,4934.5,4743.8,4584.9,4517.6,4453.2,4455.3,4294.9,4215.6,4435.6,4513.9,4922.7,4976.2,5048.9,5029,4997.4,4840.8,4630,4455.9,4358.5,4136,4170.1,4133.9,4146.3,4075.7,3996.8,3941.9,3776.4,3693.3,3600.4,3550.9,3471.9,3426.4,3262.3,3225.6,3147.9,3108,2971.3,2851.9,2771.7,2788.1,2758.7,2756.7,2695.1,2613.2,2626.6,2566.3,2555.3,2474.2,2402.7,2235.7,2207.7
    Manufacturing,29587.9,27825.7,27618,27602.4,25586,25745.4,23342.3,24831.6,22931.1,23158.7,23460.1,22986.7,23818.4,23460,23573.7,23072.6,22643.7,22745.3,21310.8,21026,21272.4,19161.3,19610.8,19417.9,18928.5,18927.9,19274.3,19475.9,20135.6,20167.3,20087.5,20355.1,20335.9,19889.4,19800,18554.3,19002.7,18857.9,19671.5,19855.1,19035.8,19028.3,18984.4,20128.4,17397.6,17332.7,19850.4,17006.8,13763.9,15147.4,13771.3,12460.1,13333,14042.1,13921.7,16465.5,14774.7,15801.1,14787.2,14702.6,14869.3,14186,13766.7,13806.3,13686.6,12936.2,12266.8,11604.5,12004.3,11414.1,11542.6,11213,10551.5,10287,9580.7,10138.8,9625.5,9981.1,10313.9,9482.8,8789.4,8600.5,9079.4,9930.7,10828.7,10610.9,9980.1,9694.5,9110.6,9194.6,8790,8625.6,8011.1,7797.1,7919.8,7895.6,8250.3,8145.2,7941.7,7474,7600.3,7425.3,7617.4,7920.1,7705.4,7740.1,7235,6978.4,6916.5,6882.2,6712.3,6451.3,6165.4,6047.4,5952.5,5762.4,5691.4,5472.8,5325.9,5337.2,5312.3,5322.5,5319.9,5400.3,5203.1,5134,4996.6,4899.4,4799,4675.2,4598,4397,4352.8,4281.3,4182.8,4000,3875.1,3611.5,3427.7,3284,3222.4,3112.9,2960.9,2792.7,2660.1,2757,2819.3,2944.6,2974.9,3015.8,3037.8,3026.8,2919.9,2831.1,2720.3,2743.6,2589.1,2693.4,2780.3,2868,2838.8,2860.1,2870.1,2744.4,2674.7,2605.4,2563.6,2504.9,2482.7,2353.9,2309.5,2255.2,2211.6,2123.4,2001.9,1913.2,1906,1856.9,1858.2,1797.1,1739.1,1721.2,1654,1671.6,1608.4,1585.1,1432.9,1439.1
    Construction,3579.9,3655.4,3614.4,3611.2,3480.7,2157.6,1647.2,4630.3,4907.2,4836.8,4891.9,4898.8,4846.9,4831.3,4877,4935.8,4948.6,4808.8,4775.1,4854.3,4887.5,5109.6,5275.4,5072.1,5236.8,5205.5,5146.9,4858.4,4888.3,4835.7,4753.8,4809.5,4562.7,4450.9,4381.5,4342.9,4374.2,4351.4,4335.8,4248.9,4097.9,3977.3,3801.1,3742.8,3785.1,3800.5,3858.4,3666,3784.6,3551.7,3450,3300.1,3142.9,3048.7,2821.6,2497.8,2467.1,2322.8,2225.7,2176.7,2004.1,1942.1,1842.9,1836.2,1808,1736.2,1744.8,1789.3,1719,1728.5,1766.2,1819,1855.4,1881.6,1856.9,1806.9,1913.2,1962.8,2041.3,2181.9,2188.7,2337.4,2405.8,2406.7,2428.3,2363.8,2281.7,2228,2296.7,2314.9,2397.9,2573,2551,2657.9,2767.8,2762.3,2759.7,2753.1,2556.4,2437.7,2403.6,2300.6,2329.7,2266.2,2086.9,1983.2,1898,1761.7,1842,1826.6,1727.6,1745.3,1539.6,1495.6,1444.8,1366.6,1385.1,1342.4,1333.9,1302.9,1258.3,1172.5,1059.3,1055.6,1012.4,937.6,960.7,946.4,934.7,902.9,867.8,883,874.8,895.2,900,882.3,893.7,938.5,967.3,955.9,948.4,969.3,1163.3,1181.5,1240.7,1321.9,1360.9,1650.1,1669.4,1681.7,1673.4,1677.5,1601.6,1473,1421.9,1317.3,1238.8,1174.1,1061.8,991.6,935.5,827.9,759.2,723.3,705.5,691.3,685.1,674.5,638.2,620.3,622.6,605.2,600.9,572.4,573.8,584.5,609.5,649.3,631.4,643.5,615.3,668.7,664.2,645.6,631.6,596.5,568.8,543.1
    Utilities,1537.3,1520.5,1512.1,1512,1490.1,1443.3,1390.8,1518.9,1501,1500.2,1487,1496.2,1476.6,1480.5,1481.7,1462.1,1489.8,1495,1464.1,1488.8,1493.1,1473.4,1484.5,1479.7,1475,1459.1,1446.7,1436.7,1434.8,1436.9,1421,1409.3,1408.6,1411.1,1390.3,1376.7,1375.2,1374.3,1366.7,1364.2,1330.8,1353.5,1356.8,1322.1,1343.9,1311.5,1310.2,1292.6,1272.6,1233.1,1209.6,1148.3,1203.2,1217.1,1186,1192.4,1197,1174.7,1159.6,1174.7,1145.2,1147.2,1125.1,1106,1084.9,1041.2,1054,1050.5,1029.9,1070.7,1058.8,996.5,1015.7,996.5,1003,1002.8,981.4,975.5,944.8,933.8,916.2,906.6,903,884.9,874.1,859.8,831.5,812.3,805.9,785.8,777.4,769.1,758.1,739.1,756.3,760.9,742.9,728.8,700.5,680.7,673.7,659.1,645.5,618.6,607,596.2,590.6,583.3,573.9,566.8,548.7,541.1,526.4,514.2,501.5,478.4,481.8,469.5,471.3,471.9,464.6,464.1,448.3,441.2,436.4,426.6,426.6,418.2,405,395.7,390.7,387.1,382.7,379.5,370.4,365.9,365.9,350.3,338.3,331.1,331.5,322.9,314.1,304,297.2,295.9,301.4,304.2,294,289.9,286.6,280.9,275.1,274.9,271.7,256.5,256.9,251.4,246.1,241.5,243.6,240.4,236.5,231.8,226.8,223.7,222,220.1,213.4,209.1,207.8,206.8,204.5,196.6,189,187.9,177.7,174.8,173.4,163.4,163.1,159.4,155.7,152.2,150.9,148,143.2,142
    Other Goods Industries,41.9,40.8,41.9,40.7,41.1,37.5,31.4,39,38.9,40.4,37.6,38.6,37.6,36.9,36.5,34.8,34.5,37.5,34.7,34.4,34.6,31.8,35.6,35.3,34,34.8,34.4,34.6,34,35.4,34.6,34.5,33.7,34.1,33.2,33.2,32.2,33,33.3,31.1,32.2,30,30.5,31.4,29.2,30.6,31,28.4,31.2,28.1,27.2,29.3,25.8,27.7,29,29.2,29.2,28.9,30.1,30.5,32,28.1,29.4,29.2,29.7,29.5,28.3,29.2,26.8,29.8,26.4,26.3,27.4,27,27,27.9,28.2,28.6,30.5,31.9,33.6,34.9,37.5,38.2,39.5,42,40.8,42.8,44.9,44.8,44.5,41.1,43.4,43.4,43.6,46.9,47.2,47.3,51.8,50.1,49.8,50.1,50.5,50.8,49.8,49.1,48.1,48.1,51,51.2,51.5,51.5,49.1,50.4,49.9,49.6,50,50.4,52.4,55.2,52.9,55.4,55.9,53.8,57.8,56.5,59.3,64.1,64.8,65.1,62.1,66.8,66.9,67.3,69.2,68.2,74.2,78.5,83.3,83.6,85.4,87.1,87.2,89.2,89.8,97.6,101.9,110.8,114.2,111.7,112.8,105.7,107.2,106.6,108.2,109.5,103,103.7,99.4,99.9,101.1,99.6,99.6,102,100.4,98.8,97.5,94,98.7,96.7,96.9,93.2,95.3,95.1,94.1,93.7,95.9,97.5,99.4,99.7,95.9,98.6,97.2,96.8,94.2,89.1,86.1,84
  Services Producing Industries,79378.3,78310.7,77338.6,77486.6,76052.8,73281.5,69342.5,77382.2,78406,78248.9,77880.4,77292.1,76682.9,77277.4,76651.7,76191.1,75442.1,74520,73753,73044.5,72625.6,72175.9,70900,70378.6,70055.4,70393.4,69250.4,68285.7,68333.9,66876.9,66357.8,65167.4,64651.5,64225.2,63682.5,63136.9,61212.9,59562.5,59766.2,58778.9,57874.8,58013.3,55804.1,55333,55370.3,53344.2,52531.7,51210,49365,48014.5,46535.3,45689.3,46233.5,47811.7,48137.5,47848.2,46975.2,45887.5,44886.5,43825.8,42845.3,41632.9,40829.1,40237.7,39180.5,38556.1,37916.2,37274.8,36453.4,35906.1,35355.8,34709.2,34245,33085.8,31145.9,31198.5,31220.4,30847.9,30229.3,29807.7,29363.4,29183.1,29641.6,29613.3,28954.3,28899.7,28221.2,27753.5,27005.1,26629.4,26377.9,25358.8,25563.8,24950.8,25076,25148.3,26060.5,26544.3,26220.5,25707.7,24635.1,23796.8,23496.3,23338.4,22613.5,22368.7,21661.7,20965.3,21193.6,20777.5,20203,20185.5,19727.7,18817.9,18476.2,17724.6,17195,16750.5,16242.9,15986.6,15652.6,15478.9,15286.6,15014.6,14625.2,14397.4,14207.6,14080.8,13208.7,13167.2,13035.3,12163.6,12144.1,11815.4,11444.5,11054.9,10890.7,10646.7,10335.1,10042.2,9758.6,9428.9,9225.2,9217.2,9195,9121.1,9242.1,9171.4,9000.5,8857.8,8711.3,8598.5,8393.7,8239.7,8136.3,7964.2,7947.6,7751,7601.4,7419.6,7285.9,7147.6,6977.5,6818.7,6607.2,6443.6,6283.2,6148.7,6015.9,5813.1,5698.8,5504,5517.2,5420.4,5220.5,5100.8,5020.6,4920.6,4847.1,4764.6,4666.8,4599.6,4513.7,4461.5,4329.3,4308.1,4336.1,4235.5
    Wholesale & Retail Trade,17724.9,17586.9,17514.7,17454.7,17170.9,16683.5,16632.7,16866.3,17021.2,17384,17568.6,17596.3,17291.9,17690.5,17604.9,17378.9,17305.6,16821.4,16720.8,17003.9,17217.3,16893.8,16231.9,15904.8,16121.5,16591.3,16561.8,16258.5,16069.2,15775.7,15757.6,15510.7,15368.8,15169.6,15056.2,15274.5,14617.1,14284.1,14566.4,13867,13699.3,13698.6,13249.7,13008.6,13016.8,12598.9,12324.9,11968.9,11239.8,10824.6,10512.1,10283.2,10532.3,11187.1,11445.6,11478,10939.1,10836.2,10716.8,10644.9,10449.7,10186.9,9901.9,9713.7,9379.8,9161.5,8956.8,8711.5,8614.8,8269.4,8132.7,7882.3,7535.9,7109.6,6769.2,6592.2,6503.3,6417.6,6092.5,5848.1,5776.1,5702.6,5857.2,6014.6,6046.7,6106.2,5829.1,5520.3,5205.2,4985.8,4944.1,4571.2,4553.2,4514.1,4619.6,4670.3,4712.7,5202.4,5123.1,4958.1,4788.7,4667.4,4573.7,4613.1,4590.6,4583.4,4423.4,4262.9,4209.4,4024.2,3908.5,3775.5,3616.8,3485.5,3402.5,3371.2,2935.2,2843.4,2795.1,2757.2,2840.3,2918.4,2863.2,2822.2,2689.7,2544.5,2590.7,2553.3,2399.7,2470.1,2378.1,2064.3,2270.4,2239.1,2169.2,1912.1,1917.1,1897.2,1861.6,1596.4,1694.2,1657.1,1671.1,1561.8,1597.6,1616.8,1691.1,1737.6,1783.7,1734.5,1676.6,1690.6,1668,1651.3,1621.2,1597.9,1577.7,1564.5,1550.4,1543.1,1507.2,1488.2,1478.4,1462.1,1463.7,1445.8,1429.1,1390.3,1397.8,1393.2,1354.3,1339.2,1326.9,1329.6,1278.1,1279.4,1260.2,1231.1,1224.8,1192.6,1157.2,1148.7,1124.7,1099.6,1096.5,1109.5,1159.5,1117.4
      Wholesale Trade,15983.2,15798.9,15757.9,15752.7,15498.6,14923.1,15316.7,15189.3,15246,15455.6,15607,15710.7,15413.3,15721.2,15620.6,15484.4,15399.3,14913.3,14821.7,15111.2,15345.4,14999.6,14347.2,14031.6,14282.3,14760.5,14747.9,14468,14292.5,14035.8,14057.9,13817.1,13695.1,13500.8,13366.9,13623.3,12967.6,12645.9,12925.8,12244.6,12086.4,12103.7,11667.9,11477,11466.3,11068.8,10837,10465.5,9769,9357.8,9061.7,8841.9,9066.5,9616.2,9863.4,9905.1,9393.9,9294,9128.6,9099.2,8937.5,8700,8429.4,8280,7958,7749.2,7573.2,7340.7,na,na,na,na,na,na,na,na,na,na,na,na,na,na,na,na,na,na,na,na,na,na,na,na,na,na,na,na,na,na,na,na,na,na,na,na,na,na,na,na,na,na,na,na,na,na,na,na,na,na,na,na,na,na,na,na,na,na,na,na,na,na,na,na,na,na,na,na,na,na,na,na,na,na,na,na,na,na,na,na,na,na,na,na,na,na,na,na,na,na,na,na,na,na,na,na,na,na,na,na,na,na,na,na,na,na,na,na,na,na,na,na,na,na,na,na,na,na,na,na
      Retail Trade,1771.1,1691.1,1510.6,1728.2,1699.2,1676.5,994.5,1697.3,1815.9,1874,1876.3,1909.9,1915.3,1925.2,1948.4,1906.8,1919.8,1894.5,1890.8,1897.5,1876.1,1895.4,1884.2,1869.1,1835.5,1832.6,1811.9,1795.9,1770.8,1737.7,1690,1708.1,1664.8,1662.5,1697.3,1657.8,1657.3,1649.3,1639.3,1654.4,1647,1612.8,1611.2,1561.2,1594.4,1571.2,1511.5,1569.1,1559,1569.7,1555.1,1542.2,1581.2,1675.5,1692.8,1690.7,1678.3,1650.5,1758.4,1693.9,1657.7,1612.2,1624.7,1577.1,1574.8,1561.2,1534,1513.1,na,na,na,na,na,na,na,na,na,na,na,na,na,na,na,na,na,na,na,na,na,na,na,na,na,na,na,na,na,na,na,na,na,na,na,na,na,na,na,na,na,na,na,na,na,na,na,na,na,na,na,na,na,na,na,na,na,na,na,na,na,na,na,na,na,na,na,na,na,na,na,na,na,na,na,na,na,na,na,na,na,na,na,na,na,na,na,na,na,na,na,na,na,na,na,na,na,na,na,na,na,na,na,na,na,na,na,na,na,na,na,na,na,na,na,na,na,na,na,na
    Transportation & Storage,6987,6898.5,6852,6804.1,6505.3,6314.7,5606.1,7832.9,8256.3,8172.7,8240,8171,8209.9,8252.7,8200.9,8257.7,8281.5,8176.7,8116.4,8053.8,7893,7730.6,7748.4,7624.7,7480.7,7550.2,7475.8,7523,7396.6,7332.8,7277.3,7236.2,7316.1,7283.5,7115.7,6934.5,6986.3,6942.6,6947.2,6935.7,6658.3,6707.8,6724.6,6521.1,6454.6,6361.2,6287.7,6281.5,6193.2,5998,5854.1,5869.7,6104.9,6666.5,6794.5,6673.5,6499.7,6320.5,6194.5,6081.1,5881,5800.1,5656.6,5586.3,5571.8,5485.7,5456.9,5416.3,5288.1,5174.2,5078.7,4957.8,4855.8,4655.7,4154.2,4673.6,4659.5,4664.3,4665.8,4594,4409,4398.1,4413.9,4413.3,4506.3,4484.4,4390.6,4357.7,4380.2,4309.3,4237.5,4190.9,4074.5,4013.7,3989.9,3930,3895.6,3863.2,3838.7,3793.5,3709.6,3629.4,3618.5,3575.2,3510.4,3471.4,3393,3307.7,3266.4,3182.8,3084.7,3033.4,2990.5,2946.1,2887.9,2801.4,2721.9,2668.9,2628.4,2650.8,2634.7,2596,2521.2,2451,2431.6,2415.8,2395.1,2355.3,2287.5,2220.3,2185.2,2148.1,2105.7,2054,2007.5,1979.4,1898.2,1863.8,1804.3,1771,1754.8,1741.8,1705.5,1675.4,1648.8,1608.2,1605.8,1590.8,1605.9,1585.6,1612.8,1538.4,1478.6,1451.3,1422.9,1388.5,1344.1,1327.4,1324.7,1307.2,1267.2,1227.9,1199.3,1164.8,1134.1,1123.8,1088.4,1085,1062.3,983,978.4,936.7,911.3,881,849.8,815.8,804.8,775.5,734.4,720,693.3,669.1,653.4,649.3,594.6,589.5,576.3,547.8
    Accommodation & Food Services,1887.9,1818.4,2010.7,1883,1961.4,1935,1630,1874,2367.3,2384.1,2383.3,2397.9,2391,2396.3,2390.2,2337.6,2304.1,2288.1,2276.5,2303.6,2261.2,2302.1,2266.9,2248,2217.5,2206.6,2164.4,2171.5,2228.5,2210.8,2183.3,2154.6,2087.3,2101.7,2166.1,2183.4,2045.2,2055.1,2061.1,2039.1,2013.4,1996.5,1951.3,1877.4,1843.7,1769.8,1706.9,1652.4,1576.9,1531.5,1472.3,1488.8,1544,1563.5,1600.4,1618.8,1548.7,1558.2,1549.9,1550.5,1521.6,1496.7,1463.6,1432.5,1437.4,1402.6,1393.9,1342.4,1298.9,1279.1,1269.6,1282.1,1273,1191.5,944.1,1246.7,1276.6,1264.9,1290.7,1304.9,1286.7,1345.1,1374.4,1389.6,1401.3,1384.1,1354.8,1332,1300.2,1254.8,1272.7,1220.2,1194.6,1178.3,1204.4,1224.5,1277.9,1303.5,1303.1,1287.9,1244.2,1198.7,1205.6,1202.1,1171.5,1166.7,1122.2,1103.8,1096,1102.9,1062.5,1083.2,1070.3,1049.5,1033.4,1001.5,992,988.4,973.9,964.3,935.3,916.9,897.3,830.2,907.3,890.8,883.5,882.8,885.9,882.7,855.5,842.5,808.1,777.1,750.8,736,709,670.8,646.4,614.7,616.6,610.8,586.6,589.1,570.7,565.5,568.7,568.2,572.5,571.6,572.1,561.8,560.8,561.1,556.9,554.7,553.9,552.8,536.9,534.5,525.6,517.5,512.4,504.6,491.1,477.8,465.4,452.2,440.1,422.7,416.1,401.3,400,395.3,384.2,378.5,367.2,362.5,355.7,344.9,339.5,331.1,320,317.6,309.1,302.6,300.3,296.1
      Accommodation,928.5,930.5,956.2,817.4,980.7,986.2,863.7,733.2,1060.2,1040.2,1018.9,1027.8,1029.8,1056.3,1059.8,1013.1,979.5,968,964.9,959.6,933.5,954.3,934.2,935.6,918.1,908.8,888.6,888.6,924.3,916.2,908.6,882.9,841.5,845.4,905.6,972.9,851.4,864.8,893.2,906,895,895.5,885,851.4,830.2,781.2,719.4,681.5,665.6,626.7,580.5,583.6,611.9,617.6,651.6,666.6,657,665.1,677.3,675.6,658.6,649.1,633.4,627.5,631.4,633.8,629.9,605.2,na,na,na,na,na,na,na,na,na,na,na,na,na,na,na,na,na,na,na,na,na,na,na,na,na,na,na,na,na,na,na,na,na,na,na,na,na,na,na,na,na,na,na,na,na,na,na,na,na,na,na,na,na,na,na,na,na,na,na,na,na,na,na,na,na,na,na,na,na,na,na,na,na,na,na,na,na,na,na,na,na,na,na,na,na,na,na,na,na,na,na,na,na,na,na,na,na,na,na,na,na,na,na,na,na,na,na,na,na,na,na,na,na,na,na,na,na,na,na,na
      Food & Beverage Services,989.4,908.6,1041.7,1027.6,1002.6,947.9,766.9,1131.6,1326.4,1345.6,1356.1,1364.4,1373.2,1342.9,1325.3,1322.7,1330.9,1322.3,1307.1,1344.3,1330,1347.4,1330,1314.8,1300.5,1293.5,1276.4,1286.6,1304.5,1287.1,1277.6,1275.8,1247.8,1249.8,1264.5,1212.6,1192.8,1180.6,1169.3,1135.7,1114.3,1090.1,1064.7,1026.8,1013.2,983.3,980.4,963.7,899,892.5,886.8,903.6,929,939.7,939.4,944.4,885.6,884,863.8,865.7,857.2,842.2,821.3,795.9,800.1,772.4,763.2,732.7,na,na,na,na,na,na,na,na,na,na,na,na,na,na,na,na,na,na,na,na,na,na,na,na,na,na,na,na,na,na,na,na,na,na,na,na,na,na,na,na,na,na,na,na,na,na,na,na,na,na,na,na,na,na,na,na,na,na,na,na,na,na,na,na,na,na,na,na,na,na,na,na,na,na,na,na,na,na,na,na,na,na,na,na,na,na,na,na,na,na,na,na,na,na,na,na,na,na,na,na,na,na,na,na,na,na,na,na,na,na,na,na,na,na,na,na,na,na,na,na
    Information & Communications,7001.2,6845.6,6310.6,6368.2,6303.5,6013.9,5505.7,5816.1,5735,5551.7,5370.4,5140.9,5025.2,4843.4,4721.1,4572.9,4554,4528.7,4500.6,4457.9,4161.1,4233.7,4330.8,4238,4104.4,4064.1,4112.2,3941.1,4084.6,4088.5,4075.7,3979.6,3800.9,3789.6,3857.4,3701.7,3639.9,3511.4,3531.3,3394.9,3384.3,3289,3157.2,3177.1,3109.7,3051.5,2979.2,2952.4,2852.2,2836.1,2807,2777.5,2763.9,2676.7,2595.1,2574.2,2565.2,2521.4,2468.4,2414.2,2451.1,2370.3,2301.7,2250.4,2290.9,2275.7,2242.5,2163.3,2171.7,2162.3,2119.2,2038.2,2006.7,1948.1,1899,1937.3,1838.1,1828.7,1805.4,1795.1,1741.7,1720.4,1714.2,1717.6,1568.7,1531.4,1470.4,1435.1,1373.1,1303.9,1267.8,1224.9,1139,1118.2,1115.9,1094.1,1052,1027.9,976.1,912.3,868.7,829.7,808.7,789.6,781.6,752.4,724.3,685.3,683,639.6,612.6,597.8,581.8,567.2,545.4,520.6,498.5,486.1,464.6,458,420.2,421.7,408.7,393.5,376.5,369.3,357.5,346.3,337.2,317.1,312.9,304.3,300.5,290.6,281.5,273.2,257.3,247.5,232.8,227.2,222.8,216.1,210.4,204,201.9,194.7,191.1,188.7,190.5,181.2,179.5,174.4,176.2,166.6,160,154.4,149,143,135,130,121.3,117.9,110.2,105.5,96.4,95.2,91.4,88,82,78.8,75,72.1,69.8,67.3,65.1,59.4,56.9,52.6,49.8,55.7,43.9,45.6,43.7,41.5,41.3,38.3,37.7,41.3
    Finance & Insurance,17995.4,17710.3,17713.6,17290.9,17039.6,16321.5,16049,16442.8,15955.7,15405.5,15370.6,14870.1,14595,14408.3,14326.6,14179.8,14101.5,13826,13468.9,12848,12993.2,12647.2,12504.6,12510.8,12656.4,12462.3,12340.3,12413.2,12375,11950.5,11737.2,11603.1,11314.1,10742.4,10881.4,10732.5,9608.2,9191.6,9229.3,9103.9,8830.6,9106.3,8586.2,8474.5,8749.3,8145.9,8010.3,7654.4,7640.1,7466.5,7226.6,6556.2,6762.6,7234.7,7471.3,7144.7,7464.3,7124.1,6857.2,6264,6089.8,5847.3,5913.8,5714.7,5347,5188.7,5118.1,5039.8,4885.6,4942.6,4859.6,4848.8,4893,4792,4531.2,3962.9,3950.1,3852.6,3784.6,3995,3940.1,3899.5,4294,4130.7,3526.7,3645.1,3765.4,3809.8,3610.9,3873.3,3933.2,3601.7,3947.2,3604.5,3704.4,3719.6,4338.4,4759.3,4924.3,4743,4254.1,4082,4032.4,3912.2,3571.5,3726.5,3554.5,3235.3,3480.7,3699.8,3579.4,3671.4,3785.7,3388,3369.9,2887.8,3103.6,2967.4,2739.4,2521.8,2437.3,2390.2,2456.9,2367.3,2281.1,2342.8,2249.5,2233.1,1885.9,1930.1,1999.1,1687.3,1700.2,1652.8,1575,1456.1,1531.8,1653,1568.6,1439.6,1288.6,1322.6,1256.5,1235.8,1303.4,1324.7,1261.5,1239.9,1172.6,1149.6,1078.4,1061.3,990,971.9,966.4,917.7,969.4,900.9,845.6,791.7,916.7,915,867.6,831.8,720.9,675,633.2,620.5,553.8,513,492,467.9,499,477,444.9,417,393.1,395.6,402.9,388.9,414.6,386.6,369.8,386.6,370.4,346,336.6,354.7
"    Real Estate, Professional Services And Administrative & Support Services",15138.6,15012.5,14851,14979.2,14684.9,13972.7,13235.3,16211.3,16433,16584.5,16582,16561.7,16931.1,17282.1,17383.8,17257.8,16844.6,16787.5,16833.8,16550.4,16357.5,16411.2,16337.2,16517.4,16235.1,15950,15452.2,15009.8,14907.8,14528.7,14387.7,14033.8,14012.9,14231.1,14176,13989.7,13681.8,13302.3,13278.8,13228.1,13192.7,13118,12526.9,12390.4,12169.6,11775.1,11933.5,11852.8,11369.8,11109,10810.9,10638.6,10704.1,10659.3,10487.7,10377.5,10076.9,9841.5,9608.7,9195.4,8836.7,8500.9,8251.2,8112.6,8118.8,8029.6,7850.5,7679.3,7432,7270.3,7214.7,7103,6968.1,6832.8,6574.9,6652.4,6751.5,6623.3,6581.1,6432.6,6217.5,6235.9,6231.2,6258.3,6298.9,6306,6256.9,6206.1,6094.1,6006.2,6020.4,5884,5875.5,5980.2,6012.6,5977.5,6064.1,5892.6,5613.7,5516.6,5392.5,5270.4,5284.4,5135.8,4995.4,4921.3,4815,4685.5,4780.2,4702.4,4587.8,4632.3,4320.1,4253.3,4213,4145.5,4074.3,4037.8,3997.2,3944.7,3757.1,3669.9,3613.3,3582.5,3506,3431.7,3410.4,3303,3294.6,3283.3,3191.6,3099.5,3000.2,2884.7,2815.5,2803.9,2688.9,2365.7,2301.1,2562.9,2567.2,2118.3,2081.1,2299,2273.4,2260.3,2452.8,2277.4,2176,2173.9,2157.1,2159.7,2181.6,2165.7,2152.3,2142.2,2136.9,2136.9,2149.6,2141,1794.7,1766.7,1683.1,1660.2,1705.3,1650.7,1648.5,1612,1607.9,1575.2,1581.3,1532.9,1477.8,1482.8,1476.9,1500.3,1518.5,1509.1,1494.8,1519.2,1453,1485.1,1483.2,1518.7,1515.6,1535.7,1537.3,1482.6
      Real Estate,4135.3,4076.1,4025.6,4083.5,4082,3399.4,3104.1,4156.3,4173.9,4223.4,4287.7,4410.1,4195,4315.9,4319.2,4165.3,4150.4,4169.3,4328.4,4279.4,4418,4559.5,4563.1,4714.6,4702.8,4734.6,4658.8,4681.3,4592.6,4580.4,4638.1,4651,4755.8,4733,4675.2,4560.8,4419.3,4363.5,4248.1,4235,4159,4397.3,4111.6,4191.5,4195.4,4043.7,4093.9,3980,3875.6,3735.3,3647.6,3508.5,3471.2,3447.1,3347.6,3298.2,3195.1,3133.7,3052.3,2944.2,2820.3,2770.6,2745.9,2725.8,2858.5,2815.3,2754.7,2721.2,na,na,na,na,na,na,na,na,na,na,na,na,na,na,na,na,na,na,na,na,na,na,na,na,na,na,na,na,na,na,na,na,na,na,na,na,na,na,na,na,na,na,na,na,na,na,na,na,na,na,na,na,na,na,na,na,na,na,na,na,na,na,na,na,na,na,na,na,na,na,na,na,na,na,na,na,na,na,na,na,na,na,na,na,na,na,na,na,na,na,na,na,na,na,na,na,na,na,na,na,na,na,na,na,na,na,na,na,na,na,na,na,na,na,na,na,na,na,na,na
      Professional Services,6852.5,6830.6,6759.2,6590,6534.8,6453.8,6041.8,6875.2,7105.5,7031.8,7008.4,7021.1,6869.7,6601.9,6543.1,6673.9,6507.2,6534.8,6477.7,6347.1,6159.6,6235.9,6181.6,6061.7,6131.5,6132.6,6051.1,5889.7,5957,5643.7,5532.2,5401.4,5296.8,5686.2,5693,5816,5747.4,5524.6,5610.4,5514.2,5534.5,5429.8,5200.7,5215.6,5230.6,5174.2,5257.4,5310.1,5112,5132.6,4949.3,4914.8,4891.8,4932.7,4881.1,4846.8,4785.2,4789.9,4700.4,4472.2,4281.5,4113.5,4009.3,3905.6,3844.7,3781.8,3700.5,3633.3,na,na,na,na,na,na,na,na,na,na,na,na,na,na,na,na,na,na,na,na,na,na,na,na,na,na,na,na,na,na,na,na,na,na,na,na,na,na,na,na,na,na,na,na,na,na,na,na,na,na,na,na,na,na,na,na,na,na,na,na,na,na,na,na,na,na,na,na,na,na,na,na,na,na,na,na,na,na,na,na,na,na,na,na,na,na,na,na,na,na,na,na,na,na,na,na,na,na,na,na,na,na,na,na,na,na,na,na,na,na,na,na,na,na,na,na,na,na,na,na
      Administrative & Support Services,4282.6,4134.2,4031.1,4334.7,4189.7,4120.8,4021.8,5140.8,5270,5326.9,5252.7,5092.5,5931.7,6320.6,6432.9,6351.4,6185,6069,5982.9,5899.2,5781.1,5644.5,5574,5733.1,5401.5,5120.7,4755.2,4376.7,4354.7,4313.2,4238.3,3889.1,3925.4,3821.3,3813.1,3529.1,3473.5,3427.5,3420,3441.6,3432.6,3323.3,3173.9,2976.6,2707.2,2598.7,2584.3,2582.9,2322.7,2287,2213.1,2240,2310.4,2307.9,2260.4,2237,2090.6,1952.8,1889.9,1793.7,1758.2,1642.9,1555.1,1526.2,1486.8,1493.6,1470.3,1402.1,na,na,na,na,na,na,na,na,na,na,na,na,na,na,na,na,na,na,na,na,na,na,na,na,na,na,na,na,na,na,na,na,na,na,na,na,na,na,na,na,na,na,na,na,na,na,na,na,na,na,na,na,na,na,na,na,na,na,na,na,na,na,na,na,na,na,na,na,na,na,na,na,na,na,na,na,na,na,na,na,na,na,na,na,na,na,na,na,na,na,na,na,na,na,na,na,na,na,na,na,na,na,na,na,na,na,na,na,na,na,na,na,na,na,na,na,na,na,na,na
    Other Services Industries,12328.7,12099.6,12101.3,12255.3,12065.2,11652.5,10377.9,12232.1,12748.4,12675.4,12569,12462.1,12281.9,12257.2,12194.8,12230.8,12099.3,11979.7,12002.5,11858.5,11817.2,11773.6,11551.2,11383.2,11292,11330,11224.7,11126.3,11197.6,10825.7,11023,10849.7,10632.6,10803.2,10618.1,10439.7,10537.9,10277.3,10367.4,10492.9,10154.4,10187.3,10050.3,10048.9,10001.1,9864.3,9821.3,8926.3,8732.5,8629.5,8406.7,8246.9,8200.8,8074.2,8023.9,7865.2,7933.6,7849.2,7771.7,7659.4,7689.9,7598.1,7565.8,7470,7208.9,7264.9,7154,7101.1,6930.6,6960.3,6902.2,6826.8,6823.7,6696.5,6461,6646.8,6685.8,6636.1,6607,6342.7,6353.2,6273.6,6190.5,6113.5,5970.8,5836.1,5738.6,5576.9,5441.9,5312,5226,5155.8,5076.6,5071.3,5010.6,4954.9,4973,4884.5,4833.2,4748.5,4596.2,4564.4,4400.2,4383.2,4261.3,4145,4033.7,4000.3,3977.8,3861.5,3819.1,3717.9,3627.7,3544,3455.2,3373.2,3307.5,3285.4,3235.3,3174.3,3142.8,3091.1,3038.9,2971.7,2930,2903.6,2862.6,2773.8,2695.9,2676.6,2669.9,2555.8,2497.4,2467,2417.6,2439.5,2455.1,2312,2308.1,2322.4,2250.6,2196.5,2141.5,2125.5,2087.6,2048,2040.7,2049.8,1956.8,2002.5,1977.6,1939.7,1909,1887.4,1850.7,1812.2,1816.4,1761.9,1708.5,1629.1,1626.9,1571.6,1572.9,1567.5,1549.7,1516.5,1494.7,1483.1,1453.8,1452.3,1434.7,1391.8,1421.8,1382.4,1340.6,1326.5,1288.6,1272.3,1263.4,1257.2,1256.9,1242.5,1244.1,1217.4,1215.6,1213.5,1187.3,1164.5
  Ownership Of Dwellings,5514.2,5500.7,5509.9,5386.5,5429.3,5459.5,5484.3,5512.6,5477.5,5427.9,5387.2,5350.5,5262.2,5214.8,5169.3,5107.8,5036.6,4966.8,4921,4881,4810.8,4767.4,4700.6,4665.9,4587.2,4550.1,4498.7,4464.1,4403.4,4351.9,4293.6,4255.7,4205.3,4166.8,4153,4137.4,4101.4,4057,3999,3952.4,3909,3859.9,3843.9,3805.1,3728,3730,3740.5,3738.5,3702.8,3718.7,3739.5,3736.5,3729,3683.2,3648.8,3636.2,3629.4,3648.5,3658,3646.2,3631.7,3630.1,3623.6,3610.8,3581.7,3568.5,3541.5,3528.6,3525.1,3501.3,3486.7,3444.1,3413.5,3430.6,3447.6,3443.4,3449.7,3411,3387.9,3361.3,3264.1,3232.4,3222,3238.5,3215.5,3163.5,3110.2,3070.7,3023.6,2957.6,2886.6,2826.6,2774.1,2722.7,2658.2,2618.2,2527.3,2469.2,2431.8,2413.6,2385.9,2364.5,2333.9,2317.3,2311.4,2284.4,2260.3,2253.6,2247.3,2211.7,2184.1,2155,2138,2117.6,2089.9,2074.4,2029.4,2043.2,2016.3,2014.7,2015.8,2017.7,1994,1991.4,1985.9,1975.5,1950.5,1949.9,1976.3,1944.1,1958.9,1951.7,1882.6,1803.4,1809.8,1795.8,1748.3,1697.1,1714.5,1689,1601.3,1590.8,1545.5,1495.4,1485.3,1377.6,1300.2,1340.4,1254.8,1223,1176.1,1119.2,918,862.6,850.2,850.6,621.5,604.6,597.7,604.9,642.2,641,632.9,621,483,484.7,485.1,485.1,463.5,461.4,460.5,455,428.7,427,425.4,421.9,420.9,410.7,410.7,402.4,397.1,389.2,381,379.1,374.2,370.3,362.5,356.2
  Gross Value Added At Basic Prices,119661.4,117052,115071.5,115665.1,112253.2,108551.7,101132.2,113877.6,113240.8,113328.5,112765.6,112011.2,112079.2,112432.8,111544.5,110805.8,109496.7,108660.3,106154.3,105339.7,105025.1,102811.5,101968.8,101096.5,100232.3,100713.1,99570,98556.4,99055.7,97631.6,96739.5,95820.8,95048.7,93962.6,93206.4,91380.7,90223.5,87852.1,88850.9,87767.6,86467,85696.4,83493.8,83752.2,81912.8,78820.5,81181.9,76281.4,71981.2,70814.1,68267.7,65599.6,67400.1,68833.9,69292.6,71175.3,68899.1,68387.5,66460.2,64989.2,64470.8,62026.6,60843.4,60105,59127.3,57285.8,55924.4,54444.6,54076.2,52850.1,52528.6,51536.4,50188.9,48833.9,46090.1,46841.9,46217.1,46360.5,46183.4,44983.9,43533.5,43298.2,44356.2,45428.7,45778.1,45385,43859.2,43060.2,41624.2,41367,40686,39712.1,39039.7,38327.8,38683.5,38739.2,39834.3,40174.2,39381.6,38168.7,37180.3,36080.5,36059.8,36071.6,34939.7,34650.7,33285.4,32057.2,32328.6,31888,30988.7,30574.1,29556.7,28514.5,27987.5,26850.5,26329,25579.7,24905.3,24580.1,24225.9,23963.1,23630.3,23378.5,22799.1,22375.2,22048.4,21739.7,20835.3,20578.2,20297.6,19182.9,19142.6,18731,18232.3,17570.4,17315.2,16810.1,16284.8,15794.9,15412.9,15013.3,14792.4,14599,14465.9,14608.4,14783,15186.9,15038.9,14976.6,14788.4,14605.8,14159.6,13756.4,13448.3,13169.9,12830.5,12659.7,12457.3,12283.4,12112.6,11873.7,11635.5,11272,10941.7,10661.9,10438.4,10209.6,10039.8,9645.9,9481.8,9193.7,9172.9,8919.7,8581.8,8375.1,8318.4,8171.8,8090.6,7935.5,7755.5,7692.4,7532.9,7464.3,7244.7,7153.9,7016.1,6883.9
  Add: Taxes On Products,6966.3,6986.8,6907.9,7284.6,7200.1,6750,3807.8,6780.5,7362.4,7492.9,7374.3,7484.1,6900.4,7332.4,7457.4,7263.9,7733.3,7290.7,6993.2,7294.1,6901,7166.2,6939.3,6575.3,6520,6097.8,5948,5672.3,5598.6,5473.7,5427.7,5315.6,5318.1,5473.8,5572.6,5441.3,5723.4,5623.1,5574.9,5826.1,5419.2,5585.8,5572.2,5478.4,5752.2,5498.1,5611.4,5690.2,5598,5587.1,5318.5,4941.4,5051.8,5315.1,5393.8,5370.6,5960.6,6278.1,6449.6,6250,5365.2,5204.7,5144.4,5280.2,5051.6,4871.5,4725.3,4820.8,4732.4,4636.1,4484.9,4708.7,4380.5,4192.4,4130.7,4037,4024.4,3927.4,4094.3,3855.6,3942.3,3872.6,3833.2,4030.6,4046.8,4169.9,4157.9,3999.2,4020.5,3832.8,3608.3,3461.3,3398.8,3388.4,3356.2,3646.8,3726.2,3760,3926.6,3627.1,3444.4,3530.1,3563.7,3482.3,3418.5,3329,3257.9,3391.7,3339.3,3252.6,3048.7,3048.9,3215.1,2957.4,2956.1,2767.3,2596.4,2684,2592.9,2649.8,2423.7,2595.8,2398.3,2237.2,2210.8,2371.5,2492.4,2611.4,2575.2,2130.7,2183.2,2116.7,2121.5,1917.4,1879,1722,1822.8,1821.2,1645.1,1587,1547.7,1539.1,1487.2,1472.2,1451.5,1495.2,1496.5,1548.3,1480.4,1501.2,1516.2,1508.9,1468.9,1402,1450.1,1409.1,1387.1,1330.5,1348.7,1273.9,1287.8,1281.7,1203.2,1208.8,1177.3,1182.9,1133.2,1171.4,1161.7,1076,1027.4,962.9,941.1,951.7,921.4,924.6,879.6,899.3,881.7,847.2,842.9,790.3,805.1,802.5,814.4,778.1,750.8,766.2
,,,,,,,,,,,,,,,,,,,,,,,,,,,,,,,,,,,,,,,,,,,,,,,,,,,,,,,,,,,,,,,,,,,,,,,,,,,,,,,,,,,,,,,,,,,,,,,,,,,,,,,,,,,,,,,,,,,,,,,,,,,,,,,,,,,,,,,,,,,,,,,,,,,,,,,,,,,,,,,,,,,,,,,,,,,,,,,,,,,,,,,,,,,,
Footnotes:,,,,,,,,,,,,,,,,,,,,,,,,,,,,,,,,,,,,,,,,,,,,,,,,,,,,,,,,,,,,,,,,,,,,,,,,,,,,,,,,,,,,,,,,,,,,,,,,,,,,,,,,,,,,,,,,,,,,,,,,,,,,,,,,,,,,,,,,,,,,,,,,,,,,,,,,,,,,,,,,,,,,,,,,,,,,,,,,,,,,,,,,,,,,
Disaggregated chain-linked data generally do not add up to the total.,,,,,,,,,,,,,,,,,,,,,,,,,,,,,,,,,,,,,,,,,,,,,,,,,,,,,,,,,,,,,,,,,,,,,,,,,,,,,,,,,,,,,,,,,,,,,,,,,,,,,,,,,,,,,,,,,,,,,,,,,,,,,,,,,,,,,,,,,,,,,,,,,,,,,,,,,,,,,,,,,,,,,,,,,,,,,,,,,,,,,,,,,,,,
GDP In Chained (2015) Dollars -> Goods Producing Industries -> Other Goods Industries (Million Dollars):,,,,,,,,,,,,,,,,,,,,,,,,,,,,,,,,,,,,,,,,,,,,,,,,,,,,,,,,,,,,,,,,,,,,,,,,,,,,,,,,,,,,,,,,,,,,,,,,,,,,,,,,,,,,,,,,,,,,,,,,,,,,,,,,,,,,,,,,,,,,,,,,,,,,,,,,,,,,,,,,,,,,,,,,,,,,,,,,,,,,,,,,,,,,
"Other goods industries comprise agriculture, fishing and quarrying.",,,,,,,,,,,,,,,,,,,,,,,,,,,,,,,,,,,,,,,,,,,,,,,,,,,,,,,,,,,,,,,,,,,,,,,,,,,,,,,,,,,,,,,,,,,,,,,,,,,,,,,,,,,,,,,,,,,,,,,,,,,,,,,,,,,,,,,,,,,,,,,,,,,,,,,,,,,,,,,,,,,,,,,,,,,,,,,,,,,,,,,,,,,,
,,,,,,,,,,,,,,,,,,,,,,,,,,,,,,,,,,,,,,,,,,,,,,,,,,,,,,,,,,,,,,,,,,,,,,,,,,,,,,,,,,,,,,,,,,,,,,,,,,,,,,,,,,,,,,,,,,,,,,,,,,,,,,,,,,,,,,,,,,,,,,,,,,,,,,,,,,,,,,,,,,,,,,,,,,,,,,,,,,,,,,,,,,,,
Definitions,,,,,,,,,,,,,,,,,,,,,,,,,,,,,,,,,,,,,,,,,,,,,,,,,,,,,,,,,,,,,,,,,,,,,,,,,,,,,,,,,,,,,,,,,,,,,,,,,,,,,,,,,,,,,,,,,,,,,,,,,,,,,,,,,,,,,,,,,,,,,,,,,,,,,,,,,,,,,,,,,,,,,,,,,,,,,,,,,,,,,,,,,,,,
Gross Domestic Product:,,,,,,,,,,,,,,,,,,,,,,,,,,,,,,,,,,,,,,,,,,,,,,,,,,,,,,,,,,,,,,,,,,,,,,,,,,,,,,,,,,,,,,,,,,,,,,,,,,,,,,,,,,,,,,,,,,,,,,,,,,,,,,,,,,,,,,,,,,,,,,,,,,,,,,,,,,,,,,,,,,,,,,,,,,,,,,,,,,,,,,,,,,,,
"Aggregate value of the goods and services produced in the economic territory of Singapore. The GDP estimates are compiled based on the output (or production), expenditure and income approaches. See Output-based GDP, Expenditure-based GDP and Income-based GDP.",,,,,,,,,,,,,,,,,,,,,,,,,,,,,,,,,,,,,,,,,,,,,,,,,,,,,,,,,,,,,,,,,,,,,,,,,,,,,,,,,,,,,,,,,,,,,,,,,,,,,,,,,,,,,,,,,,,,,,,,,,,,,,,,,,,,,,,,,,,,,,,,,,,,,,,,,,,,,,,,,,,,,,,,,,,,,,,,,,,,,,,,,,,,
Value Added:,,,,,,,,,,,,,,,,,,,,,,,,,,,,,,,,,,,,,,,,,,,,,,,,,,,,,,,,,,,,,,,,,,,,,,,,,,,,,,,,,,,,,,,,,,,,,,,,,,,,,,,,,,,,,,,,,,,,,,,,,,,,,,,,,,,,,,,,,,,,,,,,,,,,,,,,,,,,,,,,,,,,,,,,,,,,,,,,,,,,,,,,,,,,
"Value added is derived by the output or income approach. 
The output approach measures value added as output less intermediate consumption. Output is income from sale of goods and/or services rendered while intermediate consumption is value of goods and services consumed as inputs by a process of production, e.g. materials, utilities, fuel, rental paid for premises and equipment, banking and financial charges and other operating costs.
The income approach derives value added as the sum of incomes generated from the domestic production of goods and services, which comprise gross operating surplus, remuneration and taxes (less subsidies) on production. ",,,,,,,,,,,,,,,,,,,,,,,,,,,,,,,,,,,,,,,,,,,,,,,,,,,,,,,,,,,,,,,,,,,,,,,,,,,,,,,,,,,,,,,,,,,,,,,,,,,,,,,,,,,,,,,,,,,,,,,,,,,,,,,,,,,,,,,,,,,,,,,,,,,,,,,,,,,,,,,,,,,,,,,,,,,,,,,,,,,,,,,,,,,,
,,,,,,,,,,,,,,,,,,,,,,,,,,,,,,,,,,,,,,,,,,,,,,,,,,,,,,,,,,,,,,,,,,,,,,,,,,,,,,,,,,,,,,,,,,,,,,,,,,,,,,,,,,,,,,,,,,,,,,,,,,,,,,,,,,,,,,,,,,,,,,,,,,,,,,,,,,,,,,,,,,,,,,,,,,,,,,,,,,,,,,,,,,,,
Notation:,,,,,,,,,,,,,,,,,,,,,,,,,,,,,,,,,,,,,,,,,,,,,,,,,,,,,,,,,,,,,,,,,,,,,,,,,,,,,,,,,,,,,,,,,,,,,,,,,,,,,,,,,,,,,,,,,,,,,,,,,,,,,,,,,,,,,,,,,,,,,,,,,,,,,,,,,,,,,,,,,,,,,,,,,,,,,,,,,,,,,,,,,,,,
na   not available or not applicable,,,,,,,,,,,,,,,,,,,,,,,,,,,,,,,,,,,,,,,,,,,,,,,,,,,,,,,,,,,,,,,,,,,,,,,,,,,,,,,,,,,,,,,,,,,,,,,,,,,,,,,,,,,,,,,,,,,,,,,,,,,,,,,,,,,,,,,,,,,,,,,,,,,,,,,,,,,,,,,,,,,,,,,,,,,,,,,,,,,,,,,,,,,,
nec  not elsewhere classified,,,,,,,,,,,,,,,,,,,,,,,,,,,,,,,,,,,,,,,,,,,,,,,,,,,,,,,,,,,,,,,,,,,,,,,,,,,,,,,,,,,,,,,,,,,,,,,,,,,,,,,,,,,,,,,,,,,,,,,,,,,,,,,,,,,,,,,,,,,,,,,,,,,,,,,,,,,,,,,,,,,,,,,,,,,,,,,,,,,,,,,,,,,,
nes  not elsewhere specified,,,,,,,,,,,,,,,,,,,,,,,,,,,,,,,,,,,,,,,,,,,,,,,,,,,,,,,,,,,,,,,,,,,,,,,,,,,,,,,,,,,,,,,,,,,,,,,,,,,,,,,,,,,,,,,,,,,,,,,,,,,,,,,,,,,,,,,,,,,,,,,,,,,,,,,,,,,,,,,,,,,,,,,,,,,,,,,,,,,,,,,,,,,,
 -     nil or negligible or not significant,,,,,,,,,,,,,,,,,,,,,,,,,,,,,,,,,,,,,,,,,,,,,,,,,,,,,,,,,,,,,,,,,,,,,,,,,,,,,,,,,,,,,,,,,,,,,,,,,,,,,,,,,,,,,,,,,,,,,,,,,,,,,,,,,,,,,,,,,,,,,,,,,,,,,,,,,,,,,,,,,,,,,,,,,,,,,,,,,,,,,,,,,,,,
Notes,,,,,,,,,,,,,,,,,,,,,,,,,,,,,,,,,,,,,,,,,,,,,,,,,,,,,,,,,,,,,,,,,,,,,,,,,,,,,,,,,,,,,,,,,,,,,,,,,,,,,,,,,,,,,,,,,,,,,,,,,,,,,,,,,,,,,,,,,,,,,,,,,,,,,,,,,,,,,,,,,,,,,,,,,,,,,,,,,,,,,,,,,,,,
Numbers may not add up to the totals due to rounding.,,,,,,,,,,,,,,,,,,,,,,,,,,,,,,,,,,,,,,,,,,,,,,,,,,,,,,,,,,,,,,,,,,,,,,,,,,,,,,,,,,,,,,,,,,,,,,,,,,,,,,,,,,,,,,,,,,,,,,,,,,,,,,,,,,,,,,,,,,,,,,,,,,,,,,,,,,,,,,,,,,,,,,,,,,,,,,,,,,,,,,,,,,,,
"Data are the latest available at the time of access or download. Some statistics, particularly those for the most recent time periods, are provisional and may be subject to revision at a later date.",,,,,,,,,,,,,,,,,,,,,,,,,,,,,,,,,,,,,,,,,,,,,,,,,,,,,,,,,,,,,,,,,,,,,,,,,,,,,,,,,,,,,,,,,,,,,,,,,,,,,,,,,,,,,,,,,,,,,,,,,,,,,,,,,,,,,,,,,,,,,,,,,,,,,,,,,,,,,,,,,,,,,,,,,,,,,,,,,,,,,,,,,,,,
Values are shown in Singapore dollars (unless otherwise specified),,,,,,,,,,,,,,,,,,,,,,,,,,,,,,,,,,,,,,,,,,,,,,,,,,,,,,,,,,,,,,,,,,,,,,,,,,,,,,,,,,,,,,,,,,,,,,,,,,,,,,,,,,,,,,,,,,,,,,,,,,,,,,,,,,,,,,,,,,,,,,,,,,,,,,,,,,,,,,,,,,,,,,,,,,,,,,,,,,,,,,,,,,,,
,,,,,,,,,,,,,,,,,,,,,,,,,,,,,,,,,,,,,,,,,,,,,,,,,,,,,,,,,,,,,,,,,,,,,,,,,,,,,,,,,,,,,,,,,,,,,,,,,,,,,,,,,,,,,,,,,,,,,,,,,,,,,,,,,,,,,,,,,,,,,,,,,,,,,,,,,,,,,,,,,,,,,,,,,,,,,,,,,,,,,,,,,,,,
Generated by: SingStat Table Builder,,,,,,,,,,,,,,,,,,,,,,,,,,,,,,,,,,,,,,,,,,,,,,,,,,,,,,,,,,,,,,,,,,,,,,,,,,,,,,,,,,,,,,,,,,,,,,,,,,,,,,,,,,,,,,,,,,,,,,,,,,,,,,,,,,,,,,,,,,,,,,,,,,,,,,,,,,,,,,,,,,,,,,,,,,,,,,,,,,,,,,,,,,,,
Date generated: 29/04/2022,,,,,,,,,,,,,,,,,,,,,,,,,,,,,,,,,,,,,,,,,,,,,,,,,,,,,,,,,,,,,,,,,,,,,,,,,,,,,,,,,,,,,,,,,,,,,,,,,,,,,,,,,,,,,,,,,,,,,,,,,,,,,,,,,,,,,,,,,,,,,,,,,,,,,,,,,,,,,,,,,,,,,,,,,,,,,,,,,,,,,,,,,,,,
Contact: info@singstat.gov.sg,,,,,,,,,,,,,,,,,,,,,,,,,,,,,,,,,,,,,,,,,,,,,,,,,,,,,,,,,,,,,,,,,,,,,,,,,,,,,,,,,,,,,,,,,,,,,,,,,,,,,,,,,,,,,,,,,,,,,,,,,,,,,,,,,,,,,,,,,,,,,,,,,,,,,,,,,,,,,,,,,,,,,,,,,,,,,,,,,,,,,,,,,,,,